,0,1,2,3,4,5,6,7,8,9,10
0,2.0129733,-3.625043,1.9102354,4.012002,-2.6689787,-0.20322514,-3.8188612,3.199831,3.887374,-4.348733,1.2771713
1,-2.1268673,4.4113646,-0.6987057,0.5704775,-3.4612691,3.3964233,-4.019596,-4.0685325,0.94396544,-0.6120963,1.2761104
2,-1.6815937,-3.782642,3.7795086,1.0666127,0.29214287,-3.5473294,-2.9847896,-4.7364755,3.6580334,3.7901344,1.7468076
3,1.6534739,-3.328606,4.066554,-3.5321045,0.019069672,2.8799434,1.9409409,-1.8653166,0.7552614,1.3010979,5.943003
4,0.07808876,-3.308248,-0.37558365,-4.509157,1.5141158,-1.5535264,-1.4657056,1.1434722,-2.9103045,2.2025013,2.3483706
5,2.6553626,-3.9499414,-1.1334205,1.466167,4.18003,-0.039556503,0.015981197,-2.9239397,4.8573704,-1.0938334,2.0627577
6,-0.09989071,0.059096336,-1.9183183,-4.7046423,3.3993797,2.55058,0.020877838,-4.853837,-1.9656754,-4.542703,4.944027
7,1.6986842,-1.50653,3.5594463,-3.8928378,1.9194899,1.7505808,0.22692919,2.7574205,1.9886355,1.8705554,5.889385
8,2.9246407,4.2670746,-3.0845098,-3.0715299,0.6778517,3.1602802,2.6589055,1.7975883,1.2618513,-2.3038988,2.8460755
9,0.79800177,1.3012133,4.3119764,-3.7767596,4.014078,-3.7036653,-3.487584,-1.9832206,3.1556473,-3.9937425,8.676531
10,1.0078759,-3.1470895,1.3827505,-0.97442627,0.6826544,0.30195618,-1.247524,-4.0913067,-4.9306498,-3.9888108,1.8107383
11,-1.3393748,-4.463801,-3.0833192,-2.9110403,3.524397,1.8995452,4.8788633,3.5760574,-2.0481205,-0.3650608,3.1961138
12,-2.8865604,-1.4916146,0.6680484,-2.8795357,2.6439486,0.6544399,-1.0133076,-2.82125,-2.3004854,2.632627,0.51978076
13,3.766325,2.6663084,4.755662,0.9510989,1.6044445,3.970518,0.7053051,-0.12672997,0.73868513,-1.3645191,4.1265197
14,0.5691633,-2.1686645,2.6863346,1.5543456,2.7721934,-2.3835194,2.5927505,3.1958704,3.6935368,-4.068698,3.3238354
15,-1.5811872,1.1407194,-1.6111779,-1.933754,-4.7230406,-3.0970228,-3.325563,0.9717779,-4.2488165,-3.9937906,0.20925379
16,-0.6105175,0.2917819,3.5202284,-0.811234,3.451068,0.29926205,-3.813941,4.0932198,4.51573,-4.2134404,7.1522884
17,-0.33768177,-1.8858385,-3.9906983,-4.6210456,-1.1998372,-0.73356533,-2.6345806,-4.2757154,-4.6817546,-3.5829842,2.985717
18,-4.179326,-4.4666615,-0.7300687,-2.0377617,3.2606306,-2.7515626,-1.4540803,2.8538089,3.8276663,2.4099483,3.4375331
19,0.19244671,-4.6905212,-0.60353804,-3.6006653,-4.64377,0.028934956,3.7938595,-3.338235,0.97193336,0.9109111,3.5398946
20,0.902874,1.5429664,4.086934,-4.4153366,-2.3521876,1.6460009,-3.1847281,-0.6586113,-4.2607923,0.21879578,5.16255
21,-4.313421,-2.8638768,3.494111,-4.3934135,-3.8372815,-4.4061856,-2.560079,-4.4876785,3.2884684,-2.991435,7.3160233
22,-1.1985743,-0.6070857,4.1202755,-0.86735296,-0.05298519,-3.600729,-0.023787022,-3.3296502,-2.0266314,-4.3046308,3.6715245
23,-1.9889812,-1.6979713,3.0045395,-1.1178362,-1.646688,-2.2492135,4.167862,4.518077,3.0836897,2.7422242,1.0520642
24,2.735064,3.6609097,-0.7708211,-2.011305,-3.9371963,-1.621912,1.9873738,1.4665608,3.1484022,-1.218812,1.5645528
25,4.9881573,-4.5996714,-2.3159652,-0.47937918,-3.416738,-0.8984966,-0.27723217,-4.1329823,-0.2559948,-2.61061,2.3367581
26,2.502592,-2.042511,-0.15951395,-2.8547919,0.47906303,-3.0549164,3.032423,-2.3320413,-2.1508546,1.1357093,0.112259865
27,-3.7920702,-0.1879797,2.4364924,0.4548645,-1.6892929,3.53483,4.077119,-0.8187332,4.8068743,3.8022861,3.1183321
28,-1.7588949,4.4145384,-0.9398689,-1.5618312,-2.9908836,3.7694473,0.35627365,-1.6052318,2.0703707,4.204832,0.98789465
29,0.30538464,1.2984419,4.4206066,-2.1375751,0.35714626,2.1292515,-2.2363257,2.0262585,3.9974022,3.8511362,4.2182865
30,3.6159554,-3.9599097,3.786049,2.0504637,-2.5694041,-1.6923213,-0.024359226,-0.51386833,3.0347004,-3.293407,3.567093
31,0.3939581,-4.156174,-2.028432,-3.6675663,3.9816208,4.4499846,-3.872205,0.19838381,-0.7442188,0.74783564,4.552886
32,-0.7031994,1.8194723,-4.317391,-3.6508167,-3.2379127,-1.7921126,0.11937904,-0.19040585,2.87751,0.59970474,0.7158767
33,-3.2125866,-4.2969513,0.38039446,-1.198138,3.7942848,-1.4625323,-0.049988747,-2.4124217,-0.7169585,1.4319248,2.4285095
34,-3.0136359,-4.2041297,-2.2339444,-2.3776495,1.4899774,0.20108986,0.38646936,2.5685072,-0.49501514,-4.4359865,3.556831
35,-4.309495,3.5624208,-2.789278,2.755072,2.6041436,2.5336704,-2.5088425,-4.5130515,4.088378,-4.5699406,1.0106344
36,1.1552362,3.109599,1.9231577,-3.3527298,0.3977518,1.1260824,0.05825138,-3.8642871,-0.46015167,-3.1164093,5.3113275
37,-0.13305426,0.89674044,3.0592575,0.9419069,-1.8486767,1.1297889,-4.08043,-0.014676094,3.6308746,4.7726784,0.69583017
38,2.559452,-2.2480326,-0.83581686,0.06427193,1.5040264,2.5340328,-0.678637,1.3541641,2.5167985,-2.851767,2.9919405
39,2.249174,4.554056,2.5502992,-4.793189,3.4672146,-4.047563,-2.5481617,-0.4362955,1.0353899,-4.8726697,6.009027
40,-3.6661072,2.2635355,1.2380323,0.87615013,-2.4879308,4.785535,-1.8976223,-3.28644,3.6057024,3.815199,1.6489724
41,1.4283504,3.1745567,4.1867313,-0.535429,-2.476509,-3.10399,4.900056,-2.9328613,4.66794,-4.603449,3.4924345
42,-0.50573874,1.6612716,1.623631,-0.85049677,2.9230595,4.582282,-0.1176157,-0.8463421,-1.8430984,-3.1129603,2.8576198
43,4.287508,-3.3607006,1.4449353,-0.013492107,2.844532,0.13085842,-1.8048239,0.64109325,4.42373,-2.5199676,4.60818
44,-2.0291984,0.936151,-0.07171631,1.1681933,-1.1045885,3.2562046,2.8555946,3.4017696,1.1976457,-3.9027352,3.2935834
45,-0.38574743,-3.793174,3.551631,-0.53196335,3.3686361,4.3083086,-4.938465,-1.3013511,2.451758,4.755949,5.229424
46,3.8531904,0.656343,1.1724825,-4.7557406,4.9805336,3.1181488,2.4707704,-2.65764,1.181345,-2.3285306,7.7547073
47,3.9192924,-1.5408063,-0.057165146,2.5463219,3.113945,4.6988564,-0.88080215,1.4319353,2.521986,2.775879,2.97048
48,-4.5530677,1.6754861,3.8706179,-3.6789517,-2.7972865,4.758219,-3.357739,4.1875725,-3.6753173,-4.6033387,5.8353143
49,-2.66962,-3.8501434,-2.3685594,-0.8681965,4.606838,4.452902,2.2172122,-2.261446,-1.4774978,-1.9885702,1.8072912
50,-4.953018,3.8877935,4.771508,-4.2143865,-2.6452076,3.4455938,-0.01002121,-4.381923,3.9711695,3.1220713,7.462898
51,0.015635014,-3.7011468,3.9658747,-0.9466958,-3.139248,4.16026,-2.929287,-2.829235,-2.521141,-0.7192235,6.060747
52,-3.6484857,4.5867558,3.1242628,-0.20423889,3.1534653,-3.4133232,-3.5240924,-3.2008684,4.7812023,-3.5526018,4.4019127
53,1.3584089,-3.4712477,-2.3646379,1.1213884,-3.0630243,-0.104952335,4.5398283,3.1722708,-1.1414223,-4.547913,1.2005613
54,1.8317623,-1.1604743,-2.67528,-2.1849918,3.5698204,0.33279228,2.2201085,-4.7582746,4.651944,1.5257983,3.087999
55,4.950033,-0.35856533,1.089488,-3.843969,-2.2390437,-2.7213907,1.7282319,4.377344,2.7251773,1.2273445,1.8869
56,2.6275864,-2.0985842,2.4135408,-2.4300833,-2.0137882,-2.0561485,-2.5098963,4.607071,-1.5435708,1.4545445,0.1681441
57,4.9414244,-3.8268728,2.4233713,-0.96181965,2.9818163,-4.9127913,-2.6338224,-3.09188,2.5195065,-3.1369889,3.9910204
58,-1.8750906,-4.1780443,1.9550853,3.6914902,4.636258,4.0249853,-0.478065,4.34225,-2.231164,-3.5125132,0.7682785
59,3.155118,-4.469569,4.4772816,-3.5197406,3.3476954,-1.4898319,2.0794349,3.853631,0.8278065,0.29087734,3.863892
60,-3.1571488,-0.040618896,4.257367,-1.5539598,3.2480536,4.502427,0.85341215,-2.195558,-2.705068,-0.04474449,5.4979568
61,-4.319888,-4.8397064,1.480258,1.2326555,4.3441105,4.2581854,2.0325174,-0.13555002,2.2616868,4.4456205,3.0383174
62,4.313327,-0.7823162,-0.6537943,-1.204967,3.3541012,1.0485272,3.4361477,-2.848535,1.884213,-0.0043172836,2.2306445
63,4.2336264,-4.311585,-1.5789561,0.9766722,1.0744019,-4.5599008,1.7501802,-4.134378,3.280346,-4.655551,1.137407
64,-1.6933012,-1.8071568,-3.8302863,-3.5256577,-3.3800073,-4.235303,-3.057105,1.238965,2.6552963,0.50905514,0.093360305
65,-3.1362839,0.09444189,-3.2115054,-3.9958394,-0.1354351,3.6339054,2.1220822,-2.3448915,-4.6728773,3.4845257,1.5775087
66,3.2041426,-2.2594178,-0.48775864,-2.9864721,1.9510813,-2.759294,3.2877016,-3.4140797,-0.48668194,3.9459877,1.0421833
67,1.7751675,3.8973484,1.2963963,0.2767377,2.1085243,0.80182266,1.4107556,-0.96251535,4.948847,-1.6921263,1.7203456
68,-0.99113035,4.253932,3.1386585,-4.050572,0.5253787,-2.4788017,-2.7918136,-2.8943105,0.23404598,-4.476531,4.1846995
69,-1.8781722,-0.7833319,-4.821578,-1.4506662,-1.8117344,1.3343992,2.3622532,4.3211117,1.8063545,-0.6006031,0.335656
70,0.51422167,-1.1959898,-4.257653,-0.065832615,1.6045084,4.2184744,-3.660792,1.5372701,0.9680748,-4.195367,3.0767505
71,3.315321,-4.980522,-2.6290774,-4.373293,0.3835163,1.526391,-2.2663283,2.6569705,-4.914709,-0.6684141,1.1218145
72,-3.581221,-4.897228,3.6168976,2.6473618,-0.3299961,3.3411703,2.4323397,-2.252698,3.9668503,-2.4420195,3.9700606
73,3.3306189,2.9090695,3.6975975,0.20150232,0.797462,1.8988748,-4.1841846,-3.5200424,3.375453,-3.1179512,2.4692974
74,0.018586636,0.26212168,-4.5791025,-3.9047217,-2.2537785,-3.9223213,-3.8905067,2.6148148,4.924239,4.7731123,0.49994543
75,-2.3404307,-4.1567745,-2.0570087,-4.409498,-0.5702357,0.14185858,-1.3433254,-3.0257554,-1.2399502,-4.795476,5.858388
76,0.5686779,-2.1030974,4.0287714,-1.0239577,0.73717785,-1.9973958,4.2733564,1.6000371,-1.4362926,4.797612,0.2087459
77,-4.069045,-0.14373827,2.0295715,-0.78189373,1.1325336,4.8831577,1.847189,4.3906145,-0.42632866,0.30741692,3.5653162
78,-0.5347853,3.9045944,4.1059227,-0.20604038,1.9848638,3.3551035,-0.6639013,-0.2725215,-1.7324829,1.7189493,3.0119214
79,1.3328199,3.0498,0.83577824,-1.0416608,1.0489244,-2.3495626,-3.6948915,1.3980589,1.0315723,-4.8074026,4.6650257
80,0.93144226,-4.9676867,-1.6510367,-1.2604375,-3.0893934,-1.7000871,0.25912237,2.0916405,1.2882729,0.11593342,1.6794791
81,0.024203777,-2.570498,-2.0266283,-1.6549325,3.197175,-4.162142,-3.687882,2.1112747,0.04280615,-3.1687565,1.3400252
82,2.8627148,-4.397911,2.1210332,-3.602857,1.8566899,-4.633645,-4.126914,-4.1625695,-3.2155657,4.201153,2.5759683
83,1.151001,-1.9254975,3.217887,-2.9800649,-3.2192059,2.708313,-0.335474,-4.778901,-3.2151418,4.70743,2.8864837
84,-1.1611085,0.49273777,4.487673,-3.248301,-0.24915457,0.8519292,1.2101512,-3.6336188,3.815158,3.8917885,7.1035366
85,0.5600872,-4.09068,3.468525,-4.4645004,-4.4081316,3.6856441,4.2028675,1.3410425,2.33048,-1.5502787,11.519812
86,-1.9912064,2.3338413,-3.883227,-4.768619,-0.019874096,0.91897297,3.0949497,-2.4622416,1.3615236,3.1105509,1.3728111
87,-2.6833153,-0.5560584,-4.127223,-4.9033165,-1.8477774,-4.698519,1.9958735,0.28396845,-3.3234768,-3.8340611,0.19668964
88,0.70093536,-2.0267892,-3.550828,-4.7042155,1.3606539,-1.7762046,0.37787485,-4.130108,3.1476698,1.6787443,4.852522
89,-0.7170191,1.8688517,2.087967,3.8023806,0.2829237,4.6203966,2.793532,-0.5349531,3.820589,0.8428354,0.33447382
90,2.7704263,0.20987034,0.73402977,2.035388,-3.302431,1.9785557,3.2308874,-4.0742626,2.4068584,1.1437788,0.93713725
91,-3.4421742,-0.027175426,4.095379,-0.062277317,-2.301641,1.5707703,2.3606043,4.937251,-0.6434941,-3.540259,2.652481
92,-0.12777376,-4.2572317,3.5550451,-1.2697506,2.3663845,-1.2137043,-0.9586401,3.0918484,4.9866133,1.4503994,5.1187916
93,0.6777258,3.2013521,1.9616528,-1.6840024,4.8774796,-3.1948943,2.7386913,-1.4951415,1.0198836,1.0490603,0.06865487
94,-2.5037646,-3.9758945,-3.2261252,-0.0077285767,1.3611693,-1.1091466,-3.0931015,-2.87152,2.79212,-0.36927223,1.8639008
95,4.299055,0.374156,4.9169216,-2.9958267,3.7126818,-1.5126026,0.5771613,4.0435057,-1.6858907,-2.6730597,4.6809745
96,3.8180418,-3.1098688,2.3689928,-1.690784,0.45055914,1.7887774,2.646862,-0.53079987,-0.14460659,1.4590693,1.6150866
97,0.4035306,3.7065887,3.6736279,1.6438227,4.173977,0.6928921,-3.4449406,-3.1225526,0.91520214,1.637578,1.1386824
98,0.6861515,-1.0550241,4.6312866,0.58182764,0.28218222,3.5506573,-3.3845644,-4.45102,4.013444,-4.5070434,7.8862796
99,-0.3202176,2.8723907,4.411072,-3.735948,1.2626324,-0.8491187,2.249031,1.2844563,4.700445,-2.6661777,7.1952286
100,-2.7649589,-1.7212529,4.892844,-3.5651045,-3.3596678,4.906389,-4.3268805,2.4804697,-4.7548504,-2.590599,8.273422
101,2.4643269,-0.10866213,3.6095123,-4.721189,3.7966433,4.752721,-2.722839,-1.1619229,-1.9547999,-0.99430037,9.724145
102,-1.6509104,1.2015681,-3.0833519,-4.796792,4.7065496,3.477313,2.1249514,0.9967418,-3.6152494,3.3512383,0.7352032
103,3.6667604,-4.6119,2.725606,-1.86832,2.0281215,-2.2713923,-0.80124474,1.9730086,2.2053652,-0.9800749,5.505376
104,-3.3954,-3.6565423,-3.3839111,-1.2295401,-1.5738547,-0.99277306,-4.561426,4.694747,-0.9320736,-1.385078,1.6703305
105,-3.4450722,0.088992596,0.8380742,-3.3209057,-3.8132405,0.4985566,2.0284514,0.33235836,1.9063263,0.82742596,5.1223345
106,3.4683905,2.323258,0.09972477,-3.6152756,2.9021454,-3.7928581,1.4770656,0.6362653,0.42554665,1.315237,1.6913526
107,4.4495153,1.1563406,-4.874122,-4.63269,4.5942364,-2.276371,0.33128357,-0.06476927,-1.819212,-0.4756403,1.2663841
108,-0.4354024,-1.0101957,-0.21963882,-1.6643052,2.3755412,-3.1129723,-4.330514,-1.4417748,2.4840736,4.9306335,1.2209749
109,3.9388123,-4.9231043,1.6959972,-0.16901112,2.5571938,3.0678978,-3.661962,1.1740208,1.2471848,4.253564,6.2525983
110,2.2310777,2.9687386,1.7411237,-4.2265515,-4.628206,4.314348,1.183135,0.38218307,2.239613,0.12753248,7.5569215
111,-2.4345236,2.072782,3.3317165,-3.622622,-1.1327453,-2.0184689,-1.7400141,-1.8308849,-4.767013,-0.26979923,1.6030824
112,3.334072,-2.4296153,1.9360499,-3.8722043,0.6422653,-0.39291906,-1.5328395,2.4456348,-3.938766,-4.2966294,3.2704406
113,-0.031297684,3.753171,-4.0163746,-3.8669991,1.5553913,0.53225803,-0.22993088,3.1758432,-0.64156485,-2.393765,0.6272832
114,-3.7385225,2.3799663,-0.30849648,-2.6173954,-1.0809798,4.9315844,-3.0583544,0.9168625,2.2039719,3.0836506,4.297707
115,3.6144323,-2.3948498,4.8699656,-1.8513858,-2.0949774,-3.1794806,-2.6793349,2.1487675,0.42666864,3.5567217,1.0994086
116,-1.8068485,-2.7836287,4.530305,-3.045259,1.475215,-3.6681259,-4.1512785,2.256875,2.8475819,3.53306,5.399284
117,-2.907101,4.9416876,-3.2583494,-3.8824635,-4.876578,-1.0505433,-4.937487,-4.3626494,-1.0769005,-4.011355,0.46724457
118,1.5031252,-4.3914156,3.6766357,-2.4372125,-4.8070755,0.6608672,1.2145538,4.097456,1.4332585,-4.1425443,5.3988256
119,4.336444,1.6351881,1.3318157,-1.7771215,-0.65336895,-0.18298721,-2.0129538,-4.710765,-1.1924152,0.081588745,1.7363261
120,2.7921896,-4.844203,-4.3549385,-4.465115,4.9117928,1.0410986,-3.908435,4.3261757,-2.447437,-4.7457514,6.4788923
121,-4.115298,-3.2341151,3.5225983,1.9161425,-3.5837488,-3.7894046,3.5203753,4.6032324,3.8827972,-2.6496434,0.623528
122,-3.9208758,2.4994793,-0.8377638,-4.60454,-2.7890606,-1.7118912,2.581859,-4.944594,3.6580477,2.4238563,2.9437213
123,3.342987,-3.4855437,-1.8143682,-0.16095543,3.029934,3.8616467,-0.5656028,4.3284454,2.6109915,-3.0904765,5.726144
124,3.0636492,-3.4956896,1.428823,-1.9435084,-4.951172,0.55613804,2.2311153,4.999813,4.1850863,2.2289572,2.620678
125,0.19008112,-4.187997,-2.1402388,2.3281531,3.878151,1.5778627,3.1207027,-1.9391875,4.125963,-1.3767915,1.7889669
126,-3.4210749,0.6991143,0.74878216,-0.71263885,1.2824006,-3.7026377,3.7309237,-4.1671085,4.692382,-2.403878,2.9242098
127,1.8477478,1.998436,-4.2962837,-3.1535518,-1.8276346,1.3541765,4.748126,2.0968437,3.4333878,2.9594126,0.073770344
128,-0.6436033,-2.1278625,1.5353847,-3.6801314,-2.0188375,0.38297272,-2.90231,2.1541557,2.1020908,-0.93189716,5.593402
129,-0.046629906,0.64181757,3.509222,-2.610675,2.2784986,-1.7479725,-3.7224388,0.7514,-3.3969593,-2.6287258,2.4277666
130,-4.196267,3.370308,4.6080256,-4.488361,1.1477928,0.8974714,-3.0650501,1.3568535,2.0017052,-0.5276799,5.5398626
131,2.8598576,-1.0546005,-3.0628605,-2.3169863,3.554556,1.3777113,-0.6126585,-1.4964962,1.4465389,-0.9061537,5.108221
132,-4.75432,3.870555,3.8527222,-1.9279838,1.970923,3.3802366,-2.3262434,0.1635437,4.222435,0.071742535,6.3759165
133,-3.0601192,-3.5312176,3.65969,4.3756495,-1.2307286,-2.0755906,-0.34470558,3.8473682,4.983842,0.046859264,0.5359086
134,0.03551054,-1.0860455,-0.065852165,-0.13248968,0.23846245,2.7270656,2.9531841,-2.5045757,1.6217875,3.5527744,1.486209
135,4.4902496,-1.7552996,2.6321359,-1.3657017,3.4855747,1.0492783,-0.8177037,0.78662443,-1.5981193,-4.7158217,4.109011
136,0.5071349,-2.0857906,2.2083898,-4.109112,-1.7552905,-4.900841,1.4472017,0.85654306,-0.5238514,-2.7487106,3.5196586
137,-3.4068322,-1.7454553,1.7784586,4.273967,-2.1308959,4.481138,-2.0680249,3.6321163,2.0327473,-2.7616286,0.5416091
138,-3.509028,4.887663,3.9264317,-4.977309,4.614249,0.7402916,2.2570848,1.9271135,-4.4882636,-4.2894764,4.954474
139,-4.63735,-4.8544497,3.6776028,-1.83581,0.5921483,3.8244362,1.9939284,-2.4881613,4.7311487,3.0264072,7.1826143
140,1.1050701,3.8386412,-3.0906396,-4.5910273,-1.2572355,0.042689323,-0.49428988,3.768756,2.111177,-2.8133893,3.6562185
141,-1.3712502,-3.0559545,-1.3505964,-2.5706263,1.044836,4.4695387,2.655254,-3.118351,2.7135558,-2.6338677,7.8925486
142,1.6785669,-1.7912436,-0.08849716,-0.04941988,0.9186535,0.63280535,3.2593021,-0.6141429,3.2541351,4.660615,1.8441325
143,-2.7160196,-4.715291,3.3880558,0.79921675,-1.8648791,2.5861616,-0.9472418,2.2220354,-1.4927161,-1.6592522,3.8550029
144,2.9502974,-3.8004208,-0.13028383,-3.6341553,-1.5759659,-1.0761518,-1.885478,-3.330471,-3.59177,-0.20891142,3.3768706
145,3.4571142,4.9622965,3.1060238,-2.9290886,-0.45716667,1.4862967,-0.8933425,3.7929745,0.3116579,2.5881605,1.9755903
146,2.0773897,2.8461533,-3.57741,-1.4394946,2.5767822,1.677361,0.5364661,-4.9869995,2.6137896,-4.726567,1.9285161
147,-1.4353209,-1.5473394,1.4207687,-1.8922586,-4.3953094,2.6948047,1.054409,-0.1944642,2.4369998,2.0487156,4.8568163
148,-3.11657,3.5847855,-1.7703862,-3.1731904,-3.5356898,-4.2446904,-4.946484,0.29740572,3.928257,-3.5084558,3.1761386
149,2.2033958,-3.7223573,-2.8576226,-4.5805674,-2.856977,-3.3608441,-1.890099,-1.8085952,-3.4559174,-2.4943585,2.3614745
150,-1.1702533,-1.0744298,4.0827703,-1.5331554,0.31766367,4.628928,1.667738,1.264534,1.2427273,2.9649663,3.7936969
151,-1.0712981,1.2772293,2.8227477,-2.042787,0.87820435,-2.0957236,1.9184918,-0.118130684,-1.3819366,0.8373537,0.5421565
152,0.8785672,-4.691844,4.5657187,1.9790025,2.9597397,4.8601084,-0.741992,4.3954296,0.0011224747,-1.3845313,3.6383264
153,-2.2220592,1.5553312,-2.644525,-4.9597616,4.744569,1.5691738,-1.243242,-3.5385776,-4.8616266,-2.6645393,3.893158
154,-1.0468464,0.05277109,-0.13918161,-4.098806,1.7942133,-1.1088438,-4.5712066,-1.6294832,-4.5723863,1.0038733,1.6489595
155,0.105584145,-0.5493541,4.3052473,3.1377068,4.0760174,0.20847607,0.706048,-2.6638782,1.4979467,0.2748704,0.0527831
156,0.8790946,-0.58616114,-0.13967562,-2.784595,-4.6375556,-2.2198625,-0.23697853,-1.8082058,1.9599051,0.21750212,2.7251565
157,-4.9638267,-4.9551816,2.0944448,-1.7511697,-3.719583,4.026643,-0.51910114,-1.178513,-4.8713784,-1.4897208,2.715557
158,4.503294,-1.2985806,2.550047,-1.8616481,-2.1804981,-0.6466222,-3.8352,0.7357602,3.8383436,-3.5771549,7.501765
159,1.065568,-0.11107254,3.840807,2.565413,1.6168113,3.4056053,2.3343902,-0.4491372,0.9020529,-1.4652042,1.6615736
160,-1.937145,-3.511055,4.8999405,-3.5917091,-0.29771757,3.4755058,3.7972326,4.174219,-1.458677,-1.2506981,6.188407
161,3.1458874,-4.1729326,1.5269575,-2.9950905,-3.3262014,-3.6026769,2.324181,-0.2810378,-2.3114705,-1.5018439,3.50141
162,3.856885,-4.998783,1.091546,-0.4575734,-3.7955678,3.9769297,4.633939,-4.7547846,-4.754624,1.3994102,2.5533495
163,-2.113778,-2.9676592,1.3561058,-0.65106916,2.1818638,4.8306494,4.68519,0.056713104,-0.019515991,-0.064240456,5.251372
164,-2.9811954,0.24759388,4.237545,-2.3361535,3.3630934,4.932869,-0.8492193,-4.5732145,4.198826,-4.42618,11.107553
165,3.4628305,0.41980696,4.8849115,-0.3772478,1.9646573,-2.1544976,-0.56467295,-1.0870047,-3.010658,-2.1077127,0.6661927
166,3.9490452,-4.378057,2.8244872,0.32391262,1.6049433,-1.5042181,0.93354654,1.5459232,4.5057087,0.38196278,5.1613517
167,4.846863,4.692994,-2.7798586,-3.7125504,0.12577295,-1.3903003,-2.20765,0.9007888,3.7863274,2.396388,2.2770832
168,4.9912243,-3.078546,2.8190746,-2.4405832,4.169403,-1.2917929,4.2719345,2.5958447,1.9815373,4.513567,3.907737
169,4.179597,-0.6770272,-1.1151738,-1.9494879,3.4675903,-3.0547845,0.5755019,-3.579009,4.087616,2.4349732,1.983682
170,-3.470592,-1.1756415,2.1159463,-0.74238396,3.2870035,-0.7230587,-2.7468615,-1.6642904,-1.8399496,1.1366792,1.474232
171,0.01951313,-4.92104,3.7217636,0.56798697,-1.4340873,-2.1734662,4.2293396,-2.824999,0.8827915,2.7305174,1.2553182
172,-3.2674193,0.49044418,1.0578613,-0.046322823,-1.6617389,1.4288135,2.3858194,-2.7664394,3.596219,-2.319067,3.2947543
173,3.8024826,4.2212677,0.7674589,-2.829237,4.648696,0.43774128,-2.0806003,-1.326222,-3.1440907,-1.5412366,1.4087491
174,3.7460213,-1.3995199,-0.9325905,-0.926559,4.6392937,-4.258419,-4.2745647,4.491764,2.0891075,-1.1523664,3.042757
175,2.6908693,-3.786209,-1.5188928,-2.46876,-2.234763,3.4232378,-0.3320732,2.1593733,-1.3008988,-3.70724,6.845128
176,-3.4886856,1.6887355,4.548764,-1.1772351,-2.9045963,1.3746958,-4.322982,2.3324752,-3.5108738,4.1258554,0.2199167
177,3.1667671,-1.8791704,-0.86116123,-1.2514753,-3.9605813,3.6079063,-0.54105234,0.06074667,-3.164456,-1.0100949,2.2439556
178,-1.1131167,-1.366107,2.8442364,-3.754633,2.837906,0.7456465,-0.76410675,3.051423,2.1239467,1.4171581,5.499188
179,0.5299468,2.660818,0.027239323,-4.2703476,-0.8853793,4.329384,3.8669767,4.3587685,3.7612782,-4.5654063,7.779784
180,-3.7899172,3.9674158,-0.22181416,-4.502033,-2.7877772,4.6540766,3.62809,0.37420845,-0.014248848,0.56537914,2.6164742
181,-3.5142434,1.3643188,3.5262823,-4.0063567,-1.5488939,-4.1289515,3.1859436,-1.4212542,4.47863,3.3362083,3.43053
182,-2.642551,3.8463984,3.8648596,-2.3346405,-4.403031,-0.36211872,-4.6916904,-2.3178978,-2.8286672,-3.9881003,1.2642606
183,-2.5116432,3.9629946,-0.49702835,-2.520833,1.081646,-0.27685213,1.9967747,-3.8159494,3.2163944,-0.5791054,3.3522537
184,-0.10210037,3.309435,4.7922926,-2.419601,-1.4745827,-4.3310556,-2.0350146,-4.0947514,1.0363288,-1.2521534,3.1961389
185,2.072895,-1.4989872,-0.6860571,-1.2495513,2.157405,4.8579874,-0.42266083,-3.6866426,0.5331664,4.4997807,3.5261817
186,4.5256844,-2.375054,0.8312378,-4.790965,-3.4185104,1.5973945,-0.2938528,2.1556273,1.1206603,-2.8307211,7.4611826
187,4.093894,-1.4940238,4.40077,-4.167761,-3.7108655,-4.921505,-1.7690783,-1.4042358,-1.5885437,1.9365282,2.832425
188,-1.8899994,-1.7518516,-2.0893812,0.56545544,0.5269761,1.3535585,3.3430872,1.2381129,0.23072624,-4.5365353,1.8915902
189,0.8752136,0.95653915,-1.4182191,-3.0333118,-0.97034836,2.2034426,-4.2734175,1.6515465,2.164567,2.7308493,4.652749
190,1.1234627,3.0944624,1.7948127,-4.824485,4.1844616,4.503191,0.09377003,-2.8427517,-3.3820355,-2.7756257,4.749069
191,0.7348604,-2.6392741,-4.2038,-4.77765,0.9193878,-4.9626327,-2.370609,3.4030094,1.4745812,-4.9843364,3.6078253
192,-2.271164,-2.2721915,-2.77537,-2.0030808,3.7046585,3.7835207,-4.369789,1.3289838,0.98789215,4.5717335,3.3968785
193,1.861186,-4.102168,3.1569834,-0.7787876,-1.0813074,-0.045125484,3.7788982,3.1716852,2.5969925,3.0656157,3.080433
194,1.5148354,3.0805073,0.44331264,-4.0071793,3.3691778,0.9644537,-1.6982527,0.1969204,3.2953482,-1.9144769,6.151122
195,3.7082348,-2.034996,2.041235,3.0213509,4.8748436,2.368351,-2.4202144,-2.8892155,1.3642268,-1.9132769,2.875709
196,2.3313565,-2.3548567,-2.9904847,-4.0552797,2.156251,2.290102,-0.32641983,-2.9092593,3.0197544,4.9157476,4.5969615
197,-2.5790513,0.14186382,-0.75282145,-0.7835207,2.48736,2.6336474,4.122835,-1.9720559,1.7325039,-1.9347115,4.170286
198,-4.0073195,0.55058527,3.6024323,-4.869712,0.035160065,4.9685097,1.6188579,3.7667503,-1.2572603,-0.011054993,8.182781
199,-4.3586774,0.7318382,3.0152903,1.099195,4.809922,3.8185139,-1.2921047,-3.2980518,-1.5848832,2.6435823,0.612131
200,-4.639189,-0.8528905,2.5312371,-1.0176611,3.5823927,2.4726005,-4.620146,4.827841,0.18645096,-1.5497475,3.0217323
201,4.348728,-4.800368,3.3354635,-0.7371168,-2.1349669,-3.3837736,1.9435711,-2.9245563,2.768001,0.060129642,3.4503193
202,-2.3763661,4.5251055,4.4614496,-4.6911945,4.951931,-3.7743278,-0.57843685,-3.7937088,2.418726,-3.2685983,4.6114206
203,3.2802906,1.7051687,2.60889,1.2973285,0.0643301,1.8122911,-2.8550453,-3.874979,3.2349758,2.4595141,0.19596708
204,-2.5056565,-4.700569,-0.5354748,-4.894052,-3.1473017,4.3006,-1.2694116,-1.8249412,-1.483599,-4.504886,8.183308
205,-0.24266434,-3.4944181,4.3879137,0.5651884,-4.044491,-0.9501114,3.8781939,2.3477464,3.0153303,1.3907709,1.4398118
206,-1.4068623,3.3804312,0.8687906,-1.7480474,4.0346785,-2.9360378,-2.2205062,4.7871857,3.49893,0.13206673,2.522695
207,0.55435944,0.4700899,-4.41457,-2.6197739,4.5095997,1.287221,-1.6018372,-3.0482876,4.174755,4.0870533,4.056085
208,0.73215485,3.2971458,2.6634789,-1.4487653,2.0939212,-0.4877205,1.653564,0.53781414,1.3352079,-2.7034914,1.3836083
209,3.5210667,-2.7411962,1.9126248,2.3916101,3.6223211,0.5307646,-2.3379016,-0.027201176,0.28652573,0.33678722,1.1085182
210,-0.61883736,-1.5094411,3.30161,-2.1528335,1.6049647,2.4348536,1.4313822,-1.883573,-4.728787,0.9357996,3.2385244
211,0.30198193,-3.3051217,-1.0047579,-3.4187496,3.390563,4.093504,-0.5817323,-4.70365,3.587326,-4.156127,12.020956
212,3.353323,3.5173893,2.8197393,-1.7843866,2.04423,-0.23637533,-4.055428,1.2312346,-3.9842815,0.018398762,1.1192355
213,-3.6744916,-4.2956743,-1.4843476,-2.9332948,-2.450955,1.2580328,-1.7514234,1.2416058,-0.24018526,4.574481,1.7129446
214,0.3742628,-0.30329323,1.6892138,-2.4168677,3.327817,4.039377,0.13638973,-0.38475037,-1.588469,-1.1947055,4.659648
215,4.0973577,3.445753,-3.8449697,-1.1615896,-3.5848813,3.2650871,-4.175753,2.4249673,4.5381126,-2.1130877,2.1933699
216,-4.325273,-0.6307788,2.8508368,-1.546268,-0.014415264,1.8897705,-2.5424747,-0.1926775,0.11866331,-0.6611128,3.3125684
217,-4.2463427,4.581088,-3.7726784,-3.3938413,-1.1934149,-1.16504,1.9969463,-4.3906755,3.7581072,-0.13239956,2.0303078
218,3.7813396,-2.601853,-1.2634695,-1.7698269,1.8391109,-2.1023755,1.4031134,0.24983644,-0.18241024,2.5531583,0.49318168
219,1.9316273,-4.7071576,-2.6351304,-2.3866801,0.74675035,-1.6720009,-1.0754924,0.53995895,-4.8286066,-3.5894508,1.5978535
220,2.4346871,2.1866326,0.627388,-1.4163065,-3.3776693,-0.32874346,-0.9132242,-3.1642795,-2.8928428,-2.8446622,2.0783296
221,1.7524214,0.298069,3.3227463,4.605879,4.092765,3.439455,-0.31780243,-3.1710668,2.350853,-0.55367947,2.7893212
222,2.3966265,-1.8730383,1.0165172,-0.79201984,-4.7188387,-2.3872817,-3.7530107,1.8675036,4.5448484,4.117491,1.9846915
223,3.6006908,-4.792736,0.1322217,2.6163044,2.9944906,1.0393596,-4.267869,-4.935544,2.657586,-2.8773708,5.391041
224,-3.509541,-0.64428425,-2.948597,0.3875537,-1.9742804,-2.4667888,4.5474033,0.1810379,3.6623821,-1.6190505,0.8643123
225,-3.7638016,0.14022064,2.814848,3.0615063,1.1478024,0.5837946,-3.4105444,4.5336494,1.3329325,-2.213391,1.5379088
226,-4.572093,-2.1428723,2.1875257,-3.0035882,-2.251296,4.458969,3.82732,-2.851643,3.683751,-0.78141975,7.891477
227,1.356502,0.63291264,4.1700735,-0.9958501,4.5660305,3.2489233,-3.5906224,-2.7000308,1.1406994,-4.987716,9.428724
228,-4.8935676,0.35625648,2.1321912,-3.1443806,4.439291,-1.8888259,-2.7048497,-1.5559578,-3.3164358,-2.4661434,4.257596
229,-2.8763442,-3.86351,0.7755275,-3.1147008,-2.6652026,-1.6417341,-0.7425504,0.29151917,-3.024127,-4.1532145,3.8034573
230,0.407207,3.045967,2.3788738,-0.84870386,-4.5629983,-1.3335443,-2.1594512,-2.0882792,4.1940794,-3.207169,4.274812
231,3.3050108,-1.8111646,-2.7748895,-2.2399604,-0.2139988,-1.9435859,0.6293225,-1.9987731,2.875917,-1.949727,2.7122772
232,-1.6589582,-1.6336358,4.7745466,1.4217815,-1.4564693,4.6900425,-4.585664,-1.4253223,4.758911,-1.250577,6.767052
233,4.917802,3.1799679,3.1180716,-0.17062855,-0.7507701,1.7455835,-4.1280785,2.5064573,1.9903746,2.5188007,0.95808655
234,-1.4064348,-3.4949021,1.5731735,-0.006298542,0.40002823,-1.4068861,-3.2819593,2.9514084,2.8480825,1.5307655,2.2758934
235,4.741207,-3.5260725,2.0612593,-4.346776,2.5553184,-0.5067544,2.2966156,2.453857,1.8391137,-3.0745106,9.312887
236,-1.8874276,-3.3309937,-4.6115685,-1.8082671,1.9628639,-0.8304329,-3.789655,2.3167996,0.54654646,-4.10125,2.8368137
237,2.6361036,-4.5507545,0.570879,-2.8638868,-2.9763484,2.916978,-4.7902746,-4.7609897,3.885498,3.0290174,6.594666
238,1.4381723,-4.7811117,2.388935,-0.54991627,2.9777784,-2.598716,3.6873388,-3.2827556,3.4908066,0.4606924,5.0329347
239,-0.72640896,-4.467126,-3.09447,-0.57573605,1.6304674,-1.290329,-1.8239098,0.80673265,4.729807,1.5337143,3.510199
240,-0.5363207,1.187212,-1.2755399,-0.096479416,-1.8630779,3.5430202,-2.626906,2.539235,2.8242254,-3.9179296,3.7142634
241,-1.3321872,-2.182767,-0.8796592,-4.2918468,3.3388176,0.55247545,-0.27365398,-3.948484,4.576273,-2.919404,9.596813
242,-4.2527437,4.572686,-0.276093,-2.4190629,0.09858799,3.2751713,-0.68123865,-0.29783916,4.1386404,-0.97072697,4.031323
243,-4.373731,0.381011,-2.4584913,1.0853362,0.06839371,3.558424,-3.1693053,1.9195132,1.2881603,3.0271492,0.8735038
244,0.93503046,0.6667323,2.363966,-2.6136506,-4.0810785,-0.9520869,0.66979647,-2.16066,4.228657,2.8292613,4.604874
245,3.9478588,-3.7145495,2.278874,-3.3544123,2.8657632,3.239071,2.2401814,3.094967,-1.3550007,-0.8948679,7.8606277
246,3.1502066,-2.2300541,4.9783487,3.1613464,0.69324875,4.1201477,-1.9006534,1.0943074,4.826599,-2.7553992,6.4037704
247,-2.2906804,-4.4812684,-0.24422073,-3.7523425,2.7794495,2.9551263,4.2221537,-2.4855309,-4.229267,-0.2524433,5.204387
248,-0.5393219,-3.6870456,-0.5601826,-0.18269539,1.4829106,1.7545552,-4.8999257,0.35323143,0.68472767,3.8330183,2.9299507
249,3.9991074,1.2702856,0.38452196,-1.5813076,-2.8497052,1.6495543,4.4188776,-2.5029163,4.532484,-1.1024451,3.038669
250,0.4779296,3.9162922,4.884778,-3.2096565,-1.0840213,-2.8549755,-2.9657245,-1.4398682,4.7391577,1.2160401,5.3175178
251,4.8438272,3.5232182,-0.19743061,-0.38430643,0.050694942,4.895111,1.61303,0.101632595,2.0224075,1.6226072,0.87947863
252,3.2031708,1.5757489,0.056657314,-0.6163225,-4.9588394,0.6726761,-1.2278657,0.5205374,-0.69624996,-1.1230481,1.4163314
253,4.2455034,3.0660954,2.2250347,-4.995985,2.6599617,1.704679,0.96026325,0.73685694,0.8977947,2.9236317,2.990131
254,4.778658,-2.2525506,-0.8790045,-2.9749603,1.1424036,2.9846573,-3.2274985,-3.2683344,-4.845866,-4.029607,5.4146857
255,-3.1741447,1.4636879,4.995657,1.7098255,1.4224238,4.1896544,0.058613777,-1.817013,2.98028,-2.1414833,4.67158
256,-0.7117934,-3.7025642,1.4403148,3.590456,-3.131061,0.9473996,1.9919181,4.310425,1.7656617,-2.0710766,1.6324766
257,4.412401,2.8786192,3.0437288,2.079187,-3.955111,-1.2485962,-0.040678978,-4.747978,4.1825304,-4.2472267,0.85553014
258,-1.2936373,-2.6498246,-3.2460856,-1.6968818,-2.6661181,-4.6097975,-3.2785563,2.165131,-0.35179043,-2.257446,0.3252263
259,-4.1608353,1.3561068,-0.84617996,-4.841346,2.0092697,2.45708,-1.2215881,0.07298279,2.5196195,4.2452135,4.146901
260,1.7011356,-2.8716195,-0.46449232,-2.1370316,3.1463213,-0.4396224,-2.72609,2.5581741,4.893018,0.6274557,4.6836505
261,-2.4851341,-4.186878,0.60159683,-4.826027,-4.894162,-2.4709976,0.10753536,1.7639041,-4.246126,-2.6160038,2.4716263
262,4.030751,-3.6550517,-3.5711205,-4.7864304,0.8702569,0.09659386,0.68696594,-1.8452382,1.6424799,1.6194763,5.3281827
263,2.5957732,-3.706522,0.17758083,4.0245934,3.6007633,2.9692025,-4.182263,3.637312,2.2433329,-1.80228,2.1423838
264,0.018797874,-3.9809732,4.457546,-0.7116766,-3.0036755,3.0298157,1.1102066,3.2059078,3.163848,-3.4000545,7.6719346
265,-0.2794304,-2.5904167,4.562949,-2.701522,4.49144,-1.8003507,3.1324186,-4.206138,1.9082775,0.94237614,5.729123
266,2.2142463,3.3473406,-1.411838,-3.8251443,0.73805857,-1.4341526,-0.538218,-2.8855717,1.5172868,2.208476,3.6167583
267,1.0609789,-2.9012256,1.3303156,-0.15019608,-2.185936,-2.5701308,-2.4459105,-3.564847,1.7051368,-0.121108055,1.2344902
268,-0.7710414,-0.88221025,2.207672,-3.3366323,-1.5853989,3.236641,3.392601,0.36346722,1.7729864,-0.48011875,6.8028684
269,2.44348,-1.5508442,-4.470114,0.5980501,3.5061932,2.2058868,2.060318,-2.9849827,2.422265,-3.7795467,1.1038232
270,3.4223633,2.5662785,1.2113218,-2.0383143,0.41447353,1.8973899,3.2366533,-4.0261555,-1.2621574,-2.964539,4.0907593
271,-3.474619,-4.1974335,-1.902719,-3.1173663,1.3043332,-0.4085846,-2.015723,-1.4977164,-2.9470582,-2.6245499,2.3404489
272,0.9812398,1.6085119,3.942092,0.36991978,-0.8039932,-1.5127993,3.0743542,-4.4391766,2.2161002,-2.8046184,2.6079216
273,4.948202,1.3863735,2.1672578,-2.3619795,0.13007116,4.2918596,-3.985272,-2.344746,-4.6354985,4.379407,3.152085
274,-0.7680025,1.3625298,-0.35932732,-3.1403737,-2.076459,-0.7180476,0.59306574,-4.602417,2.583756,-0.9620962,3.109347
275,3.8931894,3.0488977,-0.64738846,-4.369708,-3.649023,2.8467627,-1.9126029,3.6851997,2.567996,-2.4089818,6.891625
276,-1.2187994,0.59301853,-2.4424787,-1.054796,3.2811756,1.6514974,4.4170246,-2.987513,4.5391006,-4.3045616,4.3809543
277,-2.9112296,4.5437374,4.3121433,-0.8030338,3.55855,1.0966353,4.175046,-3.9708924,0.5913782,4.1712294,0.3585467
278,-0.04661846,4.7124367,0.5896435,-1.9872022,3.2362566,4.0075026,3.8771248,0.7344909,-0.81472635,-4.035504,3.5413852
279,-0.88589287,-4.4107223,-2.682104,-2.224092,-2.4099035,-4.845696,1.0895014,2.6742373,3.6523676,-4.941664,3.0681407
280,-3.0108924,-4.22274,-1.8455143,-4.3494225,-3.7045736,-4.1560555,-3.2489996,-4.767811,4.822624,-3.731763,5.872313
281,4.560318,2.547769,-1.0272903,-4.0543847,-0.6648073,4.095536,4.6060266,-1.9970906,-0.35056353,-0.67556953,3.799615
282,4.724044,1.1664085,-4.9799986,-4.504674,1.9833136,0.050439358,-1.5808744,-0.16812372,-1.7036784,-2.8896308,1.4062357
283,0.17226171,3.062087,-4.214296,-2.2388868,3.841156,0.63585186,-2.1924405,-4.3802714,2.5492215,1.4146585,2.1371233
284,2.2771053,3.254571,2.5833468,0.8837185,1.1632781,3.4203606,1.3263421,-3.211298,-0.15708828,-2.282133,1.9725777
285,1.7283697,-4.274081,2.0089478,4.375478,-4.054863,4.814768,-1.3976593,-4.788578,2.773281,-3.8766718,2.95307
286,-1.5596037,-0.12695122,0.23824692,-3.4409685,4.9031982,0.56952,4.8080006,-0.52247334,-0.5088687,-0.4327035,4.3055415
287,3.987197,-1.9811969,4.8036766,-3.6522877,4.20541,-0.052103996,-1.386528,1.0285616,3.6722174,-3.024298,9.891968
288,-1.2806833,-0.43341732,4.7632294,-3.5684676,0.3241043,2.8579564,-3.4202623,-0.95698357,-3.4710133,-0.1389513,6.101296
289,1.0314345,-2.189169,-3.5728443,-1.6095197,4.048114,-0.17482519,3.3448067,1.2029672,1.4872236,4.545557,1.017025
290,-2.268982,4.0233345,-1.6223102,-4.925993,-3.529545,-3.6112916,2.7155533,1.0819969,-1.3764441,-3.799736,1.315848
291,2.4635715,-4.4230347,3.8953657,-1.7661195,3.2457085,1.8683224,-0.18779802,-1.7083871,-1.0428576,2.1068506,5.5707827
292,-3.4285402,-4.1942225,-2.603494,-1.1231887,-0.2712512,1.6231518,-1.4665174,-1.6829581,0.94275475,3.4000158,2.615848
293,-3.262041,-0.69148445,-4.381762,-1.2680955,-4.4879627,4.375577,-3.813547,-1.0599709,-4.564705,-1.7903507,0.10784188
294,1.4822268,-1.0873103,1.5896659,-0.66256714,-1.789176,3.136876,0.48941565,-0.93861055,-4.1249,0.0013694763,3.2041235
295,-0.24553204,-1.476903,-2.0323348,-3.478167,4.5923796,-2.5135117,-0.61525536,4.854289,0.56194067,-2.1788507,2.9990718
296,-2.178954,1.0608654,4.2020617,-2.205329,-2.8246708,3.9213247,-2.6073618,-3.3382888,-0.29729176,-0.66888046,6.8418617
297,-1.1536069,0.45663643,3.5348024,-2.8958225,4.454067,-4.9445415,4.961275,0.43842125,-2.5254881,-0.7988043,0.4266985
298,4.7436438,-1.5149217,-3.1843443,-1.6376102,4.5965805,2.203908,-2.1210856,0.0971365,-1.516043,-0.031082153,1.8742648
299,-1.2351174,-4.3522205,-1.0780935,-2.8593957,-4.8194456,-1.0990071,-3.6250381,-0.22103262,4.16786,0.73834944,5.952915
300,2.2639933,-2.2181916,-1.2933807,-0.12163687,4.07446,1.4181662,-1.6861086,1.2514062,1.2304277,0.4509282,2.8477821
301,-3.5109746,-0.4844904,-0.24084091,2.847488,0.48287106,3.9212332,4.9722013,3.0234423,1.246336,-3.5512466,0.8756813
302,3.6609716,-1.7403717,2.974062,-2.6956515,2.7530518,0.3414898,-1.822917,-2.4143267,-2.2570002,-4.4202633,6.6664805
303,-3.6166005,4.4397163,-1.1890917,-2.356789,4.3433294,-3.1499286,-4.57207,-2.7865303,-0.2612586,-1.1339152,0.19429208
304,-0.7192726,2.342496,-1.2083287,-1.1085134,2.5163212,0.09679222,1.7710876,-2.1539128,-0.55633974,-3.7923956,1.7082965
305,4.246751,-2.9582584,3.3541641,-3.3805227,-1.8764229,2.6853094,-4.4052653,-3.635611,-4.280404,1.772584,4.7193346
306,-2.393847,-2.620675,4.0236893,-3.0502505,1.2703252,4.316415,-4.6635733,-3.752308,-0.5668888,2.1957912,7.9634104
307,-4.647208,-4.925813,4.348262,1.1433558,1.186111,0.62571335,1.3313074,4.4287167,-1.8087876,-0.046849728,1.7782071
308,0.6933603,-3.6199212,4.681611,-3.5523844,3.809719,3.4437313,-0.13585329,-3.6697178,4.914771,4.726532,10.179386
309,-3.9584434,2.2338247,-1.5890079,-1.4921546,-1.0555565,3.9027624,-1.5711308,4.893857,4.053752,1.0851784,1.9051803
310,2.618957,-4.8079185,4.876405,-3.1077874,4.409705,4.4646473,-0.8289938,0.11735344,2.7059212,3.256237,8.575705
311,3.7809896,-0.035672665,-2.7138777,-2.6527162,-4.6055765,0.7097883,-0.9851303,-4.6247954,1.7509108,4.7291584,1.8267453
312,2.6115046,4.5265083,4.553156,-4.858445,2.6244068,4.201996,0.66202736,-3.799709,-1.9736242,2.338894,4.10425
313,4.4060383,-3.961763,-3.276157,-1.4314485,-1.329462,3.4369173,-1.1312075,0.5317378,-1.4584155,-2.4499397,2.1418872
314,-1.1635084,-0.42375374,2.2678022,-3.713563,-4.9196796,3.2394524,2.7161655,4.1151104,3.345317,0.90331125,8.30107
315,-2.8302062,2.5158334,-1.7283297,-2.0253487,0.76392126,3.2254076,3.4017706,-4.092394,2.5048409,-0.59577036,3.6051533
316,2.042098,1.1042213,4.7265987,2.5123458,3.1273518,-0.83692455,-0.7778044,-3.959496,3.2890015,-0.5396881,0.7698861
317,4.5721807,3.674613,0.96901417,-3.4222884,2.8798985,-3.1614523,-3.7898378,-3.178597,-2.8752172,1.0808611,1.6014854
318,3.9839058,3.0708256,-2.378738,-4.9972105,-0.3129425,2.126329,4.5772085,3.7943192,-3.183279,3.0931072,0.010976642
319,0.33932018,4.307358,-1.5780897,-4.910192,-2.4310088,1.535574,4.111603,-3.1629133,2.2840948,0.5420265,2.8045206
320,-2.7179022,0.1059432,0.82788897,-4.991621,-1.523282,3.8545713,3.533018,-1.9979131,1.9492726,-0.7791209,8.665287
321,-3.1127858,-3.8268363,-3.8957942,1.1311617,-3.8550525,4.7380695,2.1250048,4.076948,0.544014,1.4664178,0.027337492
322,-1.7307067,-0.16848326,-1.7919374,-1.0661519,-2.3343837,-0.5998874,0.23044682,2.7868109,1.7737961,-0.33340883,0.13825795
323,1.2034554,-3.8310552,-2.9067683,0.537508,-2.1521707,3.7135677,1.6801271,3.3867674,0.56604433,4.044958,0.28097844
324,1.4291911,2.5213795,-1.3436408,2.3027287,3.0633316,4.8003826,-4.4355516,0.340477,3.5521421,0.10679436,3.330157
325,-0.74139786,2.353167,0.59212494,-4.6849084,3.051097,-4.476961,0.28514433,2.7929573,3.8105478,-2.4478602,4.4280715
326,3.3470764,-1.6896791,3.1479368,-2.3691506,-3.8448186,0.19648743,2.874278,-0.77034855,4.472954,-0.6585245,3.873275
327,2.260754,-4.028285,-2.8738327,-0.53525925,2.0713024,2.1071587,3.0992746,-2.9571562,0.35661268,3.7567987,0.6442474
328,3.386384,-0.6825285,0.80404997,1.3685913,-2.232573,-1.9744043,-1.6362734,1.5293455,1.9427209,4.8100834,0.35424995
329,0.78143835,-4.6865644,1.0720563,-2.1860564,-0.45889378,-2.4296272,1.2688327,-4.6211395,-0.10958481,3.2015762,1.4362774
330,-4.4430237,1.799963,1.8951707,-4.530172,-1.4641964,-4.856544,0.6484661,-4.6716843,1.3583512,-0.14085197,1.3579899
331,2.788433,-4.0050097,1.4483833,4.4747066,4.5188007,1.4208279,-1.893847,-2.7471595,4.6532135,-3.592301,3.2521005
332,2.947259,1.6025381,3.2551174,-1.6760211,4.3925257,1.049499,0.34503698,0.10422945,-4.9770265,1.9634962,1.2063661
333,4.6178036,1.9175673,3.4421854,-0.35377073,-2.4125977,3.8344755,-4.874279,0.27245522,4.8085327,0.96939945,5.4460955
334,-1.8908501,-4.007849,4.432991,-0.6408329,3.0692596,-1.337245,2.3686352,-1.7064972,-3.8910067,3.2063208,0.6758173
335,3.0073633,-0.2940216,-2.1562676,3.3423862,-0.3715906,3.1408682,2.4944077,-4.596202,3.3909044,-2.906469,1.7694178
336,-0.23400116,-3.031156,2.858786,2.3297873,-1.9027658,4.310504,1.3037663,-0.22463083,3.9777174,2.5480433,2.8294246
337,3.0116339,-4.9544153,2.2475343,-0.97270775,2.5172539,1.5186949,0.03342247,-1.5949349,-4.4696403,4.9946375,1.0616827
338,1.9371347,-0.91185474,4.0577946,-1.713202,0.16730595,4.5581493,4.1006413,-2.575963,-3.0448346,-3.4833717,4.001972
339,3.8680506,1.021977,0.06706238,0.42961025,-0.17094088,-1.5287585,-4.7926764,3.7738256,-2.4048567,-0.994833,0.21958244
340,-2.4371123,1.9757652,4.5950775,-3.6498876,4.811533,3.2241554,-1.2617283,1.3093958,-2.257446,0.61903524,5.1905093
341,-2.040199,-4.7657795,1.7250161,-1.4041824,-0.6680112,0.49466562,2.048388,-2.1774988,-2.9796886,-2.6667361,3.2685125
342,0.00052022934,-1.7563617,0.18015432,-2.9810877,-3.4168153,-0.9151783,0.14037657,2.9100752,0.62434006,4.4720926,2.4330306
343,-4.968664,4.8820515,-4.695537,-4.3485165,3.2910118,-2.5702925,1.6222501,-1.5786428,1.4641862,0.06984329,1.0470355
344,-3.3744721,-4.9083014,1.3138814,-1.9565253,2.5059218,-1.2103109,1.1832609,0.54697514,0.5066185,-3.191125,6.2399907
345,-4.99267,0.07586527,-0.1530304,2.5366411,1.874342,4.521487,-0.25072384,4.034731,-1.84869,-1.0656695,0.031217933
346,-2.3432863,-3.3774054,3.6738806,0.917974,-0.91820335,-0.2689414,-1.1978574,-2.7129822,-4.163542,-4.2965803,3.8001592
347,3.1740208,-1.0987985,-2.7715735,3.108943,-1.7090607,4.1295185,-4.377823,0.27376556,4.8013725,-1.9884539,0.6739055
348,4.7321596,1.3755851,3.1492195,-3.335191,4.9768753,4.236306,2.2729244,4.9224224,2.3392363,-2.7472472,8.7056055
349,-0.30870676,3.4436321,4.6365576,-1.8368435,4.4970045,-4.2229204,4.6491795,0.39263535,1.1533251,1.259531,0.28667665
350,-1.2353282,-4.1006556,4.477104,-2.7559686,4.273529,4.8892565,4.9777374,2.563562,3.9167538,1.2659721,10.314365
351,2.7866316,-3.6386223,2.4647398,-0.42091274,-2.0029247,4.527029,-1.2032604,-4.4520073,-2.6799035,0.9778843,3.5824146
352,-1.1971741,-3.074996,0.8639536,-0.29987144,2.2615995,-0.7166333,-1.4878511,3.1096783,4.151862,-2.986496,3.8415022
353,2.852716,-3.1413193,4.7109623,3.161209,4.210412,2.3298645,-3.9355822,3.1717167,-2.47113,1.8046255,1.607688
354,0.052527428,0.34795094,-2.811623,-2.4992318,-4.143134,2.5481977,3.1656141,-1.0405941,-3.2869725,-0.83650064,0.08872084
355,-0.788054,0.5408125,4.564522,-2.6571786,-4.9215765,-2.8474832,3.9473877,4.933976,-1.3700986,-3.5848522,0.6401353
356,4.888399,1.0781283,4.771555,-4.3379917,-0.52887154,-4.0671105,-1.366365,-2.626468,2.8170967,-2.7912784,6.053665
357,-4.783092,-2.3535724,-3.3574522,-3.5964508,1.5955286,3.5399265,-0.1772089,-0.9819088,-2.4094887,-1.9672906,4.5792155
358,-0.3760004,-2.0577562,4.163677,1.797946,-2.718165,3.986248,-1.9473839,2.4596543,3.8125877,4.616087,5.317658
359,2.7763863,-4.6413994,-3.2508187,-0.98506355,2.9224997,-2.6161747,4.241294,2.4941406,2.4855714,2.5184708,0.9653251
360,2.4887877,1.2218404,-4.9323606,-4.1100717,1.9663215,3.6846008,-1.8567967,0.761251,-2.4572086,3.1707458,2.0493984
361,-2.281322,4.447027,4.692072,-4.151145,-1.4082975,1.2962141,-3.5679555,-0.89677763,3.8368616,-3.6473088,7.9342904
362,-0.05689621,2.0856647,2.579598,2.6137867,3.0207615,2.6078186,-1.1237371,-2.5112998,0.3590002,-4.7652287,1.2795737
363,-2.5688677,2.9484677,2.5022674,-3.334754,0.8739877,0.11927986,-0.77929544,4.762595,0.31628036,4.9267464,0.9347799
364,-4.551113,0.04847431,-1.6364408,0.20028496,3.2645826,0.35397005,-0.05234146,-3.713575,1.8885307,-4.885949,2.273371
365,-2.145294,3.9816456,-3.323882,-4.617481,3.7111073,4.5604134,-3.496017,-0.56601715,2.4324756,2.407391,5.2171526
366,-0.86369324,-3.4229481,-0.6081867,-4.882648,-1.6798825,-0.7649431,3.1269312,-2.430054,-2.035737,-4.023686,5.1085396
367,4.4725943,-4.824548,4.7333155,2.0863018,-1.0577374,0.044326782,-2.3919148,0.39914083,2.6566525,-2.684145,3.9529135
368,-0.9339876,-4.874278,4.9228945,0.5730872,-1.698755,-3.6951761,-2.3621655,1.6314979,4.750223,2.5846267,2.605502
369,-3.2092464,-4.870125,1.3616748,3.6173716,4.56633,3.6787167,-3.9637935,-2.301796,1.93087,3.304741,1.1747662
370,2.2932377,3.2734613,0.8929224,0.9701166,-3.286581,4.585017,-1.7202406,2.3605704,-3.4917598,-0.68605137,0.01925242
371,1.918333,3.8756447,4.0172806,-2.1608539,1.3866138,4.3770313,2.256486,2.0408654,4.3465576,-4.7566385,7.792696
372,-0.50560474,-2.2025669,2.0753903,-3.6202688,0.96157074,0.97990465,3.4917326,-3.398394,2.438169,-1.1107218,5.4888554
373,0.54493046,4.289979,-0.5503988,-0.09914684,-2.195241,4.1419954,-0.7245264,-2.1841927,1.9598722,-1.9719291,1.357185
374,1.0562253,-0.09323025,0.44071007,-4.956291,1.7120652,-4.005211,3.0471487,2.9732351,4.324024,-1.1037612,4.684409
375,2.2316127,-4.5335746,4.741539,0.68295383,0.34784317,1.2289419,4.8418713,-0.43955135,0.79038715,3.0792894,0.9784334
376,-1.0072823,4.4620686,0.80468225,-4.385338,2.7032237,0.91189337,1.3703084,-1.9668941,-4.2944007,-2.2280633,1.1525358
377,1.8332281,3.353382,-3.4803176,-4.9987717,-0.43095875,0.43023396,4.931279,4.0568705,-2.1728885,-4.6069365,0.29493833
378,0.4053135,-3.935504,0.40036726,1.6863213,1.2450123,-0.80028963,3.051196,0.8340664,4.4963484,-1.716147,0.16315079
379,-1.156497,-2.874537,3.9312487,0.9678688,0.028755665,2.109274,-0.78597164,-1.7866497,-3.1203973,4.1359825,0.1420416
380,-1.0715718,2.340982,-2.7500153,-3.845594,-2.8979993,-4.737817,4.967867,-1.4275312,2.5824928,-4.2448993,1.0887074
381,-2.889179,-3.6588817,0.7123327,-1.214509,3.2935734,0.7475734,3.2044992,-4.288727,-4.1498184,-2.5810575,3.267822
382,0.6707692,2.4717598,-2.1649628,-3.253702,3.8046608,-0.2156024,-3.6748433,-0.6807332,-1.4464502,-1.7757308,0.9153656
383,4.671427,4.3832245,-3.0658448,-0.75817966,3.792799,2.180161,-4.839388,0.8537741,-0.8386383,-2.987836,0.969144
384,-0.32209158,-1.3424337,1.6033707,-1.6028337,3.8330593,1.9985743,1.810113,-0.30829,-0.3103361,-1.3092799,4.1355414
385,0.30055523,-4.113888,-4.1189666,-1.2708883,3.2845888,-1.7112703,3.714262,-0.3213482,0.5540104,-2.3060012,1.9599106
386,1.2124577,4.5014925,4.4968376,-4.430607,-3.1345975,1.7639446,3.9753122,-3.2645745,-0.4144454,1.6389551,5.3753605
387,0.087108135,2.637858,3.8201027,-3.2209234,-1.8343539,-3.5045278,-0.72715044,3.0734558,4.656166,0.45247555,2.7738523
388,3.6682434,3.2741776,-2.488836,-4.3287096,-0.6756687,1.6446118,4.3383055,-0.14607477,-1.0971963,1.0720658,2.120566
389,2.349401,-1.4252357,3.7475872,-4.1408343,-0.010142803,-3.5852046,1.509572,-2.0818233,-0.71081066,0.9790759,4.986023
390,1.4629989,-3.4335728,-3.9240408,-2.7988596,-4.6500993,3.4420624,-1.6882629,-4.854043,2.9048395,0.75194407,4.709796
391,1.7938433,-1.4895988,3.3212547,-3.329252,4.6168947,3.9401493,0.7994838,0.67843246,1.4774876,-3.1182384,8.332029
392,-2.3427744,3.0995922,0.32676697,-0.6562896,-0.907814,3.1573486,-2.5714743,4.321411,2.8519754,1.1862512,1.835103
393,-1.2836528,-4.1527567,2.9779396,-4.1609745,2.4128647,0.361969,-0.5831537,4.9655933,2.013287,1.142437,6.496995
394,4.9929743,-1.5112257,4.701723,-4.5570846,4.487609,0.025229454,0.18845844,3.8353481,-1.7524881,-1.2175984,5.780664
395,-1.4919858,-4.3065615,0.56167126,-3.5203772,-2.2366457,0.26564503,4.0999107,1.9581099,1.3297744,-0.1198473,4.502052
396,-0.99438477,-4.579248,-3.7337775,0.023561,4.365961,-0.8562412,-2.4306803,3.0593576,2.0268197,3.3845224,1.0258799
397,-4.9202585,1.2326221,2.1695585,-4.9258184,-0.03768444,1.4519219,-4.0077724,-0.22715855,-1.7978251,4.611498,3.9033756
398,3.6771717,-4.6755133,-1.2429619,-3.2209234,-2.7684503,0.5515461,-1.614656,-4.2123947,3.4436092,0.38650417,6.1658754
399,-1.7418587,1.2823291,2.7112923,0.95194054,3.763832,3.0385408,-4.559415,-1.0462117,3.208395,-2.823419,6.286485
400,-2.264976,3.4800987,-2.421435,-2.9641657,-4.992585,-0.2694502,-4.606227,0.51109695,3.3211212,-3.6026402,2.8142645
401,-0.104587555,-0.2920556,4.9619875,0.6667013,-3.785171,-1.4156251,-2.1401448,-0.16666889,3.6707792,-0.54773283,2.6127992
402,3.817397,0.4469924,-1.8796964,-0.76690865,-3.74573,-0.36406088,0.37242222,0.55532074,4.3035164,1.2438846,0.9997852
403,4.6001806,-0.48296928,4.577549,-4.133766,-0.6858897,-0.5892587,3.4365282,4.355486,-0.654428,2.494092,3.4150386
404,-0.39501905,-4.0985036,1.5441365,-1.7846727,3.560895,-0.4596734,3.3171778,0.55746937,0.26058388,4.4225254,0.290447
405,3.966733,-0.36833954,0.17617273,-0.73601913,-1.1503692,2.3601418,-1.9737644,0.6082506,2.5815525,1.7032332,2.1911197
406,-0.7547054,3.2756252,-3.9268427,-3.2086926,-3.9619887,-2.087541,-4.300897,4.106344,1.7998219,-3.644414,1.4928802
407,-1.4517398,-4.767504,1.4607611,-4.020784,0.8973236,-0.15397787,-3.471347,-0.45499134,-3.7385094,2.3533373,3.7595828
408,2.0026627,-0.7262535,-1.3709898,-0.0500865,-2.6183856,1.8500957,4.4348106,1.9201064,4.221155,-3.6581202,2.830042
409,2.4918737,4.9648466,1.7210464,-4.422712,-2.793578,1.585917,-3.4126806,1.5329957,2.3207178,3.7932577,2.9445982
410,-1.8761003,2.7736573,1.6164141,-0.13468838,-0.37945795,2.451468,-2.08979,-4.9626613,3.9166517,-3.2131624,4.3338966
411,-2.4351091,3.427042,0.28178263,-4.2179947,4.8471212,-0.7469187,-0.33771515,0.99643135,-1.0825257,-4.8759837,5.1355705
412,3.8491554,4.5150766,4.474966,-3.1034164,-4.1836114,-4.3255396,0.15193367,1.5743103,1.512188,-3.7517905,2.7562733
413,-3.2443504,4.3253326,1.9892988,2.3441372,3.6407747,0.67602825,0.22856998,-3.8844614,4.267131,-3.28445,2.1439748
414,-1.5969932,3.5298834,0.6462374,-3.379428,2.7980037,3.3019753,-3.6720185,-4.3407035,0.79847336,0.7725911,5.5161705
415,3.8267412,-0.896523,0.68926764,-1.8941207,2.4950638,-1.8035233,3.4613428,1.3897676,3.6369715,3.4973984,2.6998513
416,4.7345295,2.9273062,-1.0661459,-3.6981802,2.8546782,2.5962734,-4.3973923,4.9520435,0.39178753,1.4331107,4.173663
417,0.37266636,-3.399905,0.33480406,-0.06176424,4.9402,-1.4943676,1.7980824,1.5702701,4.7012825,1.3969707,2.5134242
418,-4.072796,-1.1540425,3.8454838,-3.234778,-0.549386,-2.4015384,2.9464598,0.7480774,-1.9199419,-4.300232,4.280336
419,-2.342832,4.1882133,-1.9694316,-3.9853442,3.469019,3.7396975,2.233379,3.6733475,3.44248,-4.112141,4.59118
420,-1.1530681,-2.7516751,2.152215,-1.7755675,-1.250413,1.7469764,1.9266276,-0.7463794,3.286831,0.9830847,3.68798
421,-1.6398919,-4.6073093,0.05563736,-1.740418,1.6184359,2.6515112,1.590375,-4.1894093,-0.7322173,4.8290634,2.9186664
422,-0.7927141,-1.6681898,4.877801,-0.792541,-2.1786892,2.0110755,-2.7912164,-1.9146252,4.3990536,-3.3523445,8.845734
423,-2.3082352,-0.12343216,-3.116945,-2.7006726,4.3356876,2.7347755,3.6534557,2.0748215,-3.690877,-0.498518,0.21809754
424,2.7655535,0.8010826,-1.6147101,-4.678048,-1.6366506,-0.975513,2.936583,1.0515003,3.0834217,3.4919796,1.664611
425,2.2652717,2.1456442,-1.6239619,-2.7677994,0.93323994,-0.29556084,-1.118918,-0.2596302,0.313725,-4.192285,3.701555
426,2.1806293,-2.9607916,-4.136846,-2.8754349,-1.0710347,0.101839066,-2.8088646,-4.9043646,-4.265492,-4.759595,3.2681358
427,-4.5429063,-3.2375693,-4.9665155,-2.5427294,-4.417915,-2.06519,-1.117794,-3.729316,2.5457048,-1.7462711,3.7358675
428,3.4416552,3.74677,-3.0246007,-2.7037997,4.4046373,-3.3154135,1.4803934,1.0395432,1.957962,-3.0630846,1.4377489
429,-4.585469,-2.2926593,2.339089,1.7628694,1.3532681,-0.3808565,-2.4636078,-2.793562,1.4916677,1.6850657,0.74351704
430,3.0504742,3.815444,4.8668365,0.111281395,3.1278667,-1.4058208,1.1600041,0.3616104,1.4083552,-0.9711704,3.219675
431,-2.463315,2.5350294,0.8392105,-4.703958,-0.7033224,-1.8413429,3.9038038,-0.57739305,-0.013101101,-3.876847,3.3008595
432,-2.1157837,0.4782958,-4.850954,-2.6460326,-0.41488886,4.326762,-2.6491868,-0.47361135,2.3110495,4.821929,3.8290248
433,-2.977978,-1.2921448,-1.2790937,-1.9013906,-1.0806227,3.1095924,2.92902,-0.17537642,1.7126703,3.702878,1.5629363
434,2.785698,-4.4678993,0.32895613,3.1670742,4.5180216,1.1652174,3.2473297,3.58399,3.328599,-2.148282,1.6457278
435,-3.3192027,4.7581987,-0.6451416,-3.3961387,-0.11775541,2.996509,-1.66822,0.6687622,2.2849712,3.8999643,2.5339603
436,-2.3388128,-2.385147,3.5849943,-0.77211857,0.46799088,3.7534418,3.1197548,-2.146597,-3.7028325,3.022625,0.9953566
437,-2.0923166,-1.830045,-1.6388273,-0.27703238,-4.7475314,-4.0535154,1.9437652,-1.5012681,1.9489837,-4.1303706,1.0929589
438,-4.8806386,0.41529083,-3.2013702,-3.436491,3.2357998,0.16359425,1.4831009,4.0791206,3.1490345,-4.732155,6.3636956
439,-2.7592535,4.081541,0.959507,-4.3322,4.7098265,0.21556807,-2.7227712,-0.06970453,2.1204448,3.7366638,4.555129
440,4.134387,-4.578629,1.2485628,0.119395256,4.375395,0.43782425,-1.5524423,4.867364,-2.4184358,-4.494961,1.3739487
441,-4.673574,-4.3158255,4.0618677,1.4877534,-1.5056677,0.15592098,0.56271267,0.5742111,4.763669,1.0890203,2.8404584
442,4.2197123,4.2808523,0.5143051,-3.5743773,4.574726,0.6409974,4.7202015,-3.2043023,3.8667803,0.7185168,5.3376565
443,-0.7210026,-0.9348893,-2.6869302,-0.5077987,-0.19261122,1.6057768,3.3135166,-2.451558,-3.7006056,-4.269156,0.224361
444,-0.979743,0.62868977,4.091524,-4.2599506,2.4614768,-4.337083,-2.9726446,-1.4308352,-3.8573723,0.8578367,2.2542057
445,-3.6255426,-0.5353699,-2.9736388,-3.8606448,1.5826774,-3.5044785,0.37988663,1.4154148,1.4069991,0.4904194,1.1124744
446,2.2503562,-4.4029427,-1.7017217,-3.4707963,1.849925,1.3848996,-4.322124,2.9922714,-1.5424967,2.5867672,3.2357502
447,-3.3187585,-1.4012809,-3.8693678,-4.2941833,4.5888233,4.092787,2.2856312,3.4991703,-0.6918354,0.96544695,3.5334253
448,-0.26180696,1.0682735,0.74537706,-2.1015668,2.250286,0.81004095,1.2086363,1.4520645,4.134015,-4.488517,5.1364336
449,-0.69689703,0.5628295,3.8440943,-3.481955,-2.6140432,0.91941166,-3.509227,4.7379866,-3.8625808,-0.37834358,4.2573605
450,1.2996216,1.0486298,2.566392,-2.8839004,-2.8605044,1.0914345,1.2841406,-4.5712404,2.1037345,-3.672151,7.2005415
451,-3.232047,-4.037306,3.647872,-3.6641235,-1.5983372,-2.8794694,2.0590348,4.1396103,3.6441412,0.5677743,6.3347516
452,4.3838844,-2.587887,-1.7846746,4.046776,-4.928494,2.9081278,1.489994,3.699667,4.2514343,-1.884563,0.7737999
453,-3.799067,1.8722014,2.0912433,2.080422,3.057786,4.3826027,1.9570966,-3.2026844,1.1989312,-3.2895482,3.2831457
454,-1.1614168,-4.6283298,2.0679135,-3.7291818,4.8198023,0.18960428,2.6973047,4.143236,1.2163668,0.0070643425,6.046048
455,1.1973991,-0.6771908,-1.7352252,-1.6182542,2.7788496,2.9400787,-0.58195305,0.017644882,3.9691105,0.6962657,6.680038
456,2.358951,-1.8891454,0.32424688,-3.8578475,3.6893501,2.0817175,4.2767515,-3.3775978,0.9267278,0.5998478,4.1869984
457,3.2378712,-0.12632751,0.6739063,-3.3329773,2.91019,4.169941,4.904764,-2.064733,-4.3478613,-2.20842,3.987285
458,-1.5176916,2.1412044,0.5693178,-4.093327,4.0856476,2.9343276,-2.8227901,3.1348228,-4.4119997,-3.3937836,5.6757298
459,-4.1667657,-1.5943022,4.7312,2.9450984,1.0418344,-1.5352411,3.721981,3.4698753,4.9929466,-0.33488178,0.7134639
460,-3.0895061,-4.7532563,3.209918,-0.452487,-3.6283202,0.18326712,2.6275597,-1.0727615,-0.1512785,4.7422314,1.5497799
461,-4.3435593,-3.8054717,-2.8290577,-1.9283514,4.252326,2.754529,2.2726398,-4.9080324,0.18131924,-3.79955,4.6888027
462,-3.1460977,1.7913156,0.55648327,-1.4297276,-3.623815,4.9218893,-4.9147882,-2.039525,1.4948149,-0.3073883,3.8480697
463,-0.5290437,-1.2429566,-1.3632507,-2.3972368,-4.848058,-1.0364861,-3.2201135,3.7235718,-0.27775526,4.167968,0.7571386
464,2.819561,-3.3573842,-0.0506382,-3.955325,2.092579,0.2077837,-2.6597147,3.152626,-0.84086514,4.72847,3.7495499
465,-0.09893179,-2.1906793,3.266531,-4.080761,2.2239628,3.300973,-3.3589208,0.14707088,-3.7786384,-0.25886154,7.289799
466,-0.13423681,-4.942521,-4.633574,-1.047399,-0.44321012,-1.2808502,3.3109016,-2.6539087,2.112873,1.9306684,0.8647388
467,-4.58661,3.6464024,3.8305683,2.3843088,-0.04916954,3.3011036,1.3385754,-1.8618798,1.1117067,-4.6153193,3.1507454
468,4.450265,-4.077462,4.681426,-3.8061361,-3.801866,-0.25373983,-3.0569453,-3.2125287,-2.064805,4.872896,4.9629745
469,3.6403103,4.453104,-2.6533782,-2.299955,-1.0848355,4.139021,3.0525084,-3.7560809,-3.5269194,-4.4037914,0.62636656
470,-3.4145522,2.7415328,4.018242,-3.187722,2.0850105,4.6076756,-1.2419252,0.6132307,2.3234491,3.874816,5.381834
471,-3.9752274,-0.4448433,2.012629,-3.8480306,-3.5919304,2.420919,-1.193821,0.9966669,0.34042406,0.16359854,7.2621737
472,1.4720373,-2.2185755,0.87034607,-1.8079722,-4.685175,2.8783064,2.1753478,1.6082144,1.747302,-4.746669,6.8402767
473,3.8392773,-1.7923379,2.0139656,-4.1522884,0.030664444,1.4338393,-3.040175,3.468337,-1.1140966,0.29979467,3.057448
474,-0.14086342,-3.670206,-0.38277388,-1.3265884,2.908836,-2.2676392,-3.8876681,1.9757123,3.1998434,-3.9506662,4.7061205
475,-2.5509615,-1.4296567,3.368205,-1.745125,-4.892926,-1.9810212,-3.356254,-1.8011208,4.565893,-3.8422298,5.945942
476,1.6224213,-3.885364,-0.6568599,1.323739,0.004378319,-0.30499268,-3.645485,1.7735553,1.1905518,-1.3151546,1.120265
477,1.2456064,4.4895287,1.6354632,-4.1098742,-2.4214995,0.662385,4.191991,3.552414,3.6348457,3.9856272,3.464581
478,-2.1021743,-1.8414087,-3.3089995,-2.7818358,2.2353735,4.7225246,-4.163555,-1.6044056,4.1229725,-1.5023832,7.6050005
479,-4.6408224,1.7029114,-3.8300009,-4.976761,0.34318018,4.059449,-2.891541,-3.187993,2.9767203,-2.4096494,6.988942
480,-1.8233938,4.7993364,3.8767757,1.3133678,2.7055435,-2.3289819,-3.9789677,-3.5651975,3.7146463,-4.5763803,2.483525
481,-3.2816005,0.4401884,2.078599,-3.1161249,3.4422169,-2.7568197,2.7312942,4.967622,0.99883986,1.2757616,2.4212487
482,3.6024647,-3.5933714,3.824421,-3.270359,1.174645,-3.6750202,1.4209557,-1.0147226,2.3235917,2.2264938,6.370802
483,-3.890481,-3.0441995,-3.7936807,-4.801408,2.8363829,-1.130594,-0.39208364,0.8118439,4.6385565,0.10952759,5.6079206
484,-0.6823344,-2.7203512,-3.2162209,-4.2090945,-0.5851679,-4.5164585,-2.3917265,-1.8303204,4.2204514,-4.7888165,6.20796
485,4.017765,-2.055636,-0.91882896,0.34612465,-2.0223136,4.302907,2.8214674,-3.1062179,0.26669693,3.2940645,0.059437573
486,-2.3328762,-4.875038,1.4594655,-3.2167225,-4.90171,0.6277151,-0.72743845,-2.3119211,1.1887245,-3.2581358,7.751477
487,-4.407871,1.9273524,-3.860252,-1.2836468,1.0864754,3.767191,-0.6021428,4.5047445,4.0766115,1.2659397,2.5277665
488,-0.83765984,4.0162477,1.0099192,-0.58358765,-4.9831777,0.62593937,4.9526043,-4.3744392,3.5015793,-4.113055,3.5316749
489,2.5187721,-3.1194568,-1.9661336,2.296156,-1.54109,-3.0598092,3.496582,3.6534338,3.0551348,-4.246127,0.8963671
490,3.1474142,-2.4632149,2.173252,-4.3601465,1.3421369,0.57199526,0.9992051,-3.3702974,1.7589335,-1.2372799,7.939117
491,-2.8797626,4.4512253,1.5472074,-1.8366213,0.52038145,4.5069733,0.6503401,0.7204628,-2.1689658,-0.5681062,0.30930078
492,-0.93041515,-2.7085133,-0.31713295,-3.0782194,0.07563782,0.46506214,-0.33905602,1.3935323,2.7226405,3.022767,4.856051
493,2.4934711,-1.5945201,3.6925173,4.2826586,1.0185499,1.8698697,3.8746405,0.97990084,0.8044424,-3.9891334,1.0841774
494,-0.7057247,2.2182598,3.8672972,1.9722629,2.9228873,3.6626034,1.576622,-1.6955233,3.6806765,3.536395,0.5628755
495,-1.5822773,-2.8569431,1.5005026,-1.3868856,2.762702,-1.0132897,0.1787262,-1.6873908,-0.8374381,-0.99602747,2.429059
496,-1.5710692,3.4667912,-3.133357,-4.939707,-0.46223402,-0.8178177,4.465352,-0.50012016,3.107195,1.8616982,0.79662424
497,4.501774,1.9522057,0.4453416,-2.1723943,1.2826805,4.897602,4.600727,-3.3373785,4.126486,2.9894714,4.134402
498,3.456953,-3.727392,1.2811942,-0.843348,1.1263924,-4.5650053,3.8835058,-3.9871378,4.7450438,-4.9775066,4.7833004
499,-0.6449766,0.908236,-2.7726746,-3.304637,4.667384,4.327162,2.4565701,-2.4377298,-4.8885255,3.0356312,1.3899832
500,4.025282,4.1240845,4.0851564,-4.133551,-1.5852695,-1.1718571,1.5686741,1.0048714,3.6117,1.2452059,5.4684825
501,1.9074163,-0.91698885,2.8654232,-4.971528,-4.2074223,2.9645486,-4.032452,-4.371402,-1.3251729,1.1304479,7.5193253
502,-3.2237208,4.2792206,-2.3327546,-2.7268987,-4.015298,-0.11600304,0.91637135,-4.7983627,2.5008898,-4.8886485,1.5415747
503,-1.0345829,3.0883083,-1.8979692,-1.4705682,-3.3645825,4.1303787,3.403532,-4.254043,1.1872873,3.1982841,0.48226288
504,1.5245433,1.6721497,2.1668167,-4.546955,-2.4906282,4.2022076,-3.6341496,-4.2876005,2.8999414,-3.3063765,8.880031
505,-2.6200933,3.8822565,2.6887155,-3.8691611,-0.99150753,-4.6892653,-3.5884185,4.664654,-3.9847326,-2.0061064,1.3081182
506,0.34005213,3.7118454,-0.35084772,-4.4449377,-0.047970295,-2.3429072,-1.1409104,2.749452,1.8619671,0.2231574,3.653771
507,-1.5538156,-2.6260047,-3.6338568,-3.9859521,1.9382119,3.5153046,3.481203,1.3233805,0.7499404,3.5412083,4.1426363
508,3.9293365,2.5135593,-1.6252904,1.2941508,-0.7285857,4.365937,-4.978063,-2.058326,2.0745487,-1.2221038,2.7162669
509,-1.3130908,3.389988,0.86826086,-2.498333,2.1446176,-0.8639984,-2.7255507,-3.0899048,2.5436282,-2.7582436,3.3660169
510,1.2917185,0.853487,4.837947,3.8410397,4.5544415,-1.2082446,-0.055305958,1.6308618,0.79186153,-3.028391,0.26796472
511,-3.772941,-3.9522905,3.1802483,-2.7257705,1.4641819,3.1739483,4.337222,-1.5021408,2.2257605,-0.15540028,8.003782
512,2.2840176,4.1558266,-2.2183557,-1.0347068,1.7266293,3.9661798,1.6412835,-2.1412158,-2.0549397,-0.065870285,0.9452444
513,4.6299944,1.6822567,-1.4174557,-4.491551,-3.9102721,-0.48506165,-1.8493831,0.31398106,0.570209,2.5101953,1.9487749
514,4.4087954,2.3349547,4.0840597,0.6082196,0.75209093,-0.5035486,-3.3240294,4.598874,-3.5266733,-3.469067,0.5576143
515,3.5673733,-2.4421186,3.6648893,-4.832048,-2.0202355,-0.1188283,3.0279493,-0.18391085,4.4294434,0.1940527,10.09411
516,4.2708664,2.29567,-4.211344,-4.6820526,-1.5664828,-0.2539544,-4.7943935,-4.3987603,-3.3328736,-0.102190495,0.76619345
517,2.6401243,-1.1512165,1.6043162,1.8340487,-0.73594046,-0.34760523,3.2268724,-2.7048712,3.8794212,-1.6753364,0.6138707
518,-0.8376031,-1.8855882,2.9381728,-1.9267666,-4.6457777,-1.9680924,2.95502,1.9459572,-0.8428283,-0.8062248,3.0897112
519,-1.0171456,1.326899,-1.1860604,-2.177146,0.12331438,1.7755942,-1.9189632,-2.924406,-1.1520517,-0.925097,1.97794
520,0.75799704,-1.1289053,4.3058643,-3.2112365,4.1030083,-1.7447317,-3.1034112,-4.9269037,2.541699,1.1237235,4.97013
521,-0.81392574,-4.856823,3.5845623,-2.4888682,3.373742,-3.6878614,-2.223063,4.2415113,-1.5539117,-3.4992218,5.9863844
522,-2.364918,-0.092336655,-3.1825824,-0.9274101,1.0657578,1.7949781,4.4267864,3.6030664,3.13871,-2.5838912,1.7057321
523,-1.0245347,4.427883,3.8036404,0.4654765,3.2404528,0.0166893,-4.6488853,1.6716146,4.0092,3.398141,4.0804157
524,2.2302938,-0.9923096,2.9069319,1.1060696,-0.758924,3.8943949,-0.9500532,-2.710535,-4.294271,-3.4798737,2.1329389
525,0.9040804,0.5298948,1.8533058,-3.3614767,3.166749,-3.2473958,-4.320134,-4.956801,-1.661644,-1.1598654,3.0889556
526,-1.4440532,-1.3821018,-3.5680442,-2.198218,-0.518507,3.4640465,-4.115975,-2.0598798,1.526783,-1.7285097,4.800434
527,-0.75681114,1.2301922,0.6444578,1.0411329,-1.3222952,3.86306,0.7812071,1.4821906,1.8490815,1.9519305,0.27489698
528,2.657095,-4.260247,-0.27679014,-3.0723696,3.5776758,-3.4177036,-0.8214803,-0.8870506,2.6918454,4.5003204,2.2335072
529,-0.8258605,-3.7837076,-0.20242691,1.6557479,0.5197258,0.9650955,3.9845438,-0.93027973,4.9687347,3.4055681,0.38297388
530,-3.8083677,-4.208952,-1.4778423,1.0819483,-0.88482,2.9146204,-2.3161757,-1.807543,4.8549232,-1.6133313,4.1742287
531,4.5414143,0.27657795,2.28543,-3.0393534,0.51682997,1.6602063,0.069487095,4.8887997,-2.868082,0.9497347,3.416462
532,0.5095444,2.0293164,2.2268763,-4.99255,1.1371179,3.0514412,1.1902494,-4.4723635,3.9055824,-3.7787378,9.645915
533,-4.4729023,-2.2424328,-0.017395973,-2.1445823,-0.8386507,0.92645264,3.9362354,3.5516243,-1.1428719,-3.2634902,3.0828586
534,3.831318,-3.7320666,-4.0959077,0.7523923,-3.3761525,2.9629498,1.1262012,4.204921,4.4740314,-2.8127532,4.96417
535,-0.42666245,-3.0190527,3.8092031,-0.64269114,-4.406871,-0.26707363,-2.6501667,-2.8882813,-3.427986,-1.0419555,3.2734394
536,-3.590026,0.11539936,4.09179,-1.723979,4.4106855,-4.7881956,2.8107052,0.25614452,-0.885829,-4.5475364,1.8814248
537,-4.614904,-2.5652099,4.057268,4.632268,4.4558916,-1.1733627,0.3429098,-1.3150172,2.0048304,-3.7045007,0.39376926
538,3.4462671,3.9498615,-3.5923452,-1.7373395,-0.07381344,4.5093575,-1.1138976,-2.6447935,-3.2853193,-4.3133583,1.6360056
